Workbook

Sheet Справочник номенклатуры
A1: Код товара | B1: Наименование товара | C1: Категория | D1: Ед. изм. | E1: Цена закупки | F1: Цена продажи | G1: Мин. остаток
A2: Т-001 | B2: Мука пшеничная | C2: Сырьё | D2: кг | E2: 30 | F2: 35 | G2: 100
A3: Т-002 | B3: Сахар | C3: Сырьё | D3: кг | E3: 40 | F3: 45 | G3: 50
A4: Т-003 | B4: Соль | C4: Сырьё | D4: кг | E4: 15 | F4: 20 | G4: 20
A5: Т-004 | B5: Дрожжи | C5: Сырьё | D5: кг | E5: 100 | F5: 160 | G5: 10
A6: Т-005 | B6: Масло растительное | C6: Сырьё | D6: л | E6: 80 | F6: 130 | G6: 30

Sheet Справочник контрагентов
A1: Код контрагента | B1: Наименование | C1: Тип
A2: К-001 | B2: ООО Мукомол | C2: Поставщик
A3: К-002 | B3: ЗАО СахарТорг | C3: Поставщик
A4: К-009 | B4: Супермаркет №1 | C4: Покупатель
A5: К-010 | B5: Сеть Магазинов У Дома | C5: Покупатель

Sheet Приходные ордера
A1: № ордера | B1: Дата | C1: Код товара | D1: Наименование | E1: Количество (шт.) | F1: Поставщик | G1: Цена закупки | H1: Сумма
A2: ПО-001 | B2: 02.10.2026 | C2: Т-005 | D2: =VLOOKUP(C2,'Справочник номенклатуры'!A:B,2,FALSE) | E2: 125 | F2: ООО Мукомол | G2: =VLOOKUP(C2,'Справочник номенклатуры'!A:E,5,FALSE) | H2: =E2*G2
A3: ПО-002 | B3: 03.10.2026 | C3: Т-001 | D3: =VLOOKUP(C3,'Справочник номенклатуры'!A:B,2,FALSE) | E3: 105 | F3: ООО Мукомол | G3: =VLOOKUP(C3,'Справочник номенклатуры'!A:E,5,FALSE) | H3: =E3*G3
A4: ПО-003 | B4: 04.10.2026 | C4: Т-004 | D4: =VLOOKUP(C4,'Справочник номенклатуры'!A:B,2,FALSE) | E4: 132 | F4: ООО Мукомол | G4: =VLOOKUP(C4,'Справочник номенклатуры'!A:E,5,FALSE) | H4: =E4*G4
A5: ПО-004 | B5: 05.10.2026 | C5: Т-004 | D5: =VLOOKUP(C5,'Справочник номенклатуры'!A:B,2,FALSE) | E5: 78 | F5: ЗАО СахарТорг | G5: =VLOOKUP(C5,'Справочник номенклатуры'!A:E,5,FALSE) | H5: =E5*G5
A6: ПО-005 | B6: 06.10.2026 | C6: Т-001 | D6: =VLOOKUP(C6,'Справочник номенклатуры'!A:B,2,FALSE) | E6: 182 | F6: ООО Мукомол | G6: =VLOOKUP(C6,'Справочник номенклатуры'!A:E,5,FALSE) | H6: =E6*G6
A7: ПО-006 | B7: 07.10.2026 | C7: Т-001 | D7: =VLOOKUP(C7,'Справочник номенклатуры'!A:B,2,FALSE) | E7: 110 | F7: ООО Мукомол | G7: =VLOOKUP(C7,'Справочник номенклатуры'!A:E,5,FALSE) | H7: =E7*G7
A8: ПО-007 | B8: 08.10.2026 | C8: Т-003 | D8: =VLOOKUP(C8,'Справочник номенклатуры'!A:B,2,FALSE) | E8: 67 | F8: ООО Мукомол | G8: =VLOOKUP(C8,'Справочник номенклатуры'!A:E,5,FALSE) | H8: =E8*G8
A9: ПО-008 | B9: 09.10.2026 | C9: Т-004 | D9: =VLOOKUP(C9,'Справочник номенклатуры'!A:B,2,FALSE) | E9: 81 | F9: ЗАО СахарТорг | G9: =VLOOKUP(C9,'Справочник номенклатуры'!A:E,5,FALSE) | H9: =E9*G9
A10: ПО-009 | B10: 10.10.2026 | C10: Т-001 | D10: =VLOOKUP(C10,'Справочник номенклатуры'!A:B,2,FALSE) | E10: 133 | F10: ООО Мукомол | G10: =VLOOKUP(C10,'Справочник номенклатуры'!A:E,5,FALSE) | H10: =E10*G10
A11: ПО-010 | B11: 11.10.2026 | C11: Т-002 | D11: =VLOOKUP(C11,'Справочник номенклатуры'!A:B,2,FALSE) | E11: 51 | F11: ООО Мукомол | G11: =VLOOKUP(C11,'Справочник номенклатуры'!A:E,5,FALSE) | H11: =E11*G11
A12: ПО-011 | B12: 12.10.2026 | C12: Т-004 | D12: =VLOOKUP(C12,'Справочник номенклатуры'!A:B,2,FALSE) | E12: 149 | F12: ЗАО СахарТорг | G12: =VLOOKUP(C12,'Справочник номенклатуры'!A:E,5,FALSE) | H12: =E12*G12
A13: ПО-012 | B13: 13.10.2026 | C13: Т-002 | D13: =VLOOKUP(C13,'Справочник номенклатуры'!A:B,2,FALSE) | E13: 145 | F13: ООО Мукомол | G13: =VLOOKUP(C13,'Справочник номенклатуры'!A:E,5,FALSE) | H13: =E13*G13
... A16: ПО-015 | B16: 16.10.2026 | C16: Т-004 | D16: =VLOOKUP(C16,'Справочник номенклатуры'!A:B,2,FALSE) | E16: 108 | F16: ЗАО СахарТорг | G16: =VLOOKUP(C16,'Справочник номенклатуры'!A:E,5,FALSE) | H16: =E16*G16

Sheet Расходные ордера
A1: № ордера | B1: Дата | C1: Код товара | D1: Наименование | E1: Количество (шт.) | F1: Покупатель | G1: Цена продажи | H1: Сумма
A2: РО-001 | B2: 02.10.2026 | C2: Т-001 | D2: =VLOOKUP(C2,'Справочник номенклатуры'!A:B,2,FALSE) | E2: 26 | F2: Супермаркет №1 | G2: =VLOOKUP(C2,'Справочник номенклатуры'!A:F,6,FALSE) | H2: =E2*G2
A3: РО-002 | B3: 03.10.2026 | C3: Т-001 | D3: =VLOOKUP(C3,'Справочник номенклатуры'!A:B,2,FALSE) | E3: 30 | F3: Сеть Магазинов У Дома | G3: =VLOOKUP(C3,'Справочник номенклатуры'!A:F,6,FALSE) | H3: =E3*G3
A4: РО-003 | B4: 04.10.2026 | C4: Т-002 | D4: =VLOOKUP(C4,'Справочник номенклатуры'!A:B,2,FALSE) | E4: 49 | F4: Супермаркет №1 | G4: =VLOOKUP(C4,'Справочник номенклатуры'!A:F,6,FALSE) | H4: =E4*G4
A5: РО-004 | B5: 05.10.2026 | C5: Т-003 | D5: =VLOOKUP(C5,'Справочник номенклатуры'!A:B,2,FALSE) | E5: 29 | F5: Сеть Магазинов У Дома | G5: =VLOOKUP(C5,'Справочник номенклатуры'!A:F,6,FALSE) | H5: =E5*G5
A6: РО-005 | B6: 06.10.2026 | C6: Т-002 | D6: =VLOOKUP(C6,'Справочник номенклатуры'!A:B,2,FALSE) | E6: 26 | F6: Супермаркет №1 | G6: =VLOOKUP(C6,'Справочник номенклатуры'!A:F,6,FALSE) | H6: =E6*G6
A7: РО-006 | B7: 07.10.2026 | C7: Т-005 | D7: =VLOOKUP(C7,'Справочник номенклатуры'!A:B,2,FALSE) | E7: 36 | F7: Сеть Магазинов У Дома | G7: =VLOOKUP(C7,'Справочник номенклатуры'!A:F,6,FALSE) | H7: =E7*G7
A8: РО-007 | B8: 08.10.2026 | C8: Т-002 | D8: =VLOOKUP(C8,'Справочник номенклатуры'!A:B,2,FALSE) | E8: 27 | F8: Сеть Магазинов У Дома | G8: =VLOOKUP(C8,'Справочник номенклатуры'!A:F,6,FALSE) | H8: =E8*G8
A9: РО-008 | B9: 09.10.2026 | C9: Т-005 | D9: =VLOOKUP(C9,'Справочник номенклатуры'!A:B,2,FALSE) | E9: 45 | F9: Супермаркет №1 | G9: =VLOOKUP(C9,'Справочник номенклатуры'!A:F,6,FALSE) | H9: =E9*G9
A10: РО-009 | B10: 10.10.2026 | C10: Т-003 | D10: =VLOOKUP(C10,'Справочник номенклатуры'!A:B,2,FALSE) | E10: 46 | F10: Сеть Магазинов У Дома | G10: =VLOOKUP(C10,'Справочник номенклатуры'!A:F,6,FALSE) | H10: =E10*G10
A11: РО-010 | B11: 11.10.2026 | C11: Т-002 | D11: =VLOOKUP(C11,'Справочник номенклатуры'!A:B,2,FALSE) | E11: 50 | F11: Сеть Магазинов У Дома | G11: =VLOOKUP(C11,'Справочник номенклатуры'!A:F,6,FALSE) | H11: =E11*G11
A12: РО-011 | B12: 12.10.2026 | C12: Т-002 | D12: =VLOOKUP(C12,'Справочник номенклатуры'!A:B,2,FALSE) | E12: 44 | F12: Сеть Магазинов У Дома | G12: =VLOOKUP(C12,'Справочник номенклатуры'!A:F,6,FALSE) | H12: =E12*G12
A13: РО-012 | B13: 13.10.2026 | C13: Т-001 | D13: =VLOOKUP(C13,'Справочник номенклатуры'!A:B,2,FALSE) | E13: 24 | F13: Сеть Магазинов У Дома | G13: =VLOOKUP(C13,'Справочник номенклатуры'!A:F,6,FALSE) | H13: =E13*G13
... A16: РО-015 | B16: 16.10.2026 | C16: Т-003 | D16: =VLOOKUP(C16,'Справочник номенклатуры'!A:B,2,FALSE) | E16: 35 | F16: Сеть Магазинов У Дома | G16: =VLOOKUP(C16,'Справочник номенклатуры'!A:F,6,FALSE) | H16: =E16*G16

Sheet Остатки
A1: Код товара | B1: Наименование | C1: Нач. остаток | D1: Всего приход | E1: Всего расход | F1: Конечный остаток | G1: Мин. остаток | H1: Статус
A2: Т-001 | B2: =VLOOKUP(A2,'Справочник номенклатуры'!A:B,2,FALSE) | C2: 70 | D2: =SUMIF('Приходные ордера'!C:C, A2, 'Приходные ордера'!E:E) | E2: =SUMIF('Расходные ордера'!C:C, A2, 'Расходные ордера'!E:E) | F2: =C2+D2-E2 | G2: =VLOOKUP(A2,'Справочник номенклатуры'!A:G,7,FALSE) | H2: =IF(F2<G2,"Заказать","ОК")
A3: Т-002 | B3: =VLOOKUP(A3,'Справочник номенклатуры'!A:B,2,FALSE) | C3: 60 | D3: =SUMIF('Приходные ордера'!C:C, A3, 'Приходные ордера'!E:E) | E3: =SUMIF('Расходные ордера'!C:C, A3, 'Расходные ордера'!E:E) | F3: =C3+D3-E3 | G3: =VLOOKUP(A3,'Справочник номенклатуры'!A:G,7,FALSE) | H3: =IF(F3<G3,"Заказать","ОК")
A4: Т-003 | B4: =VLOOKUP(A4,'Справочник номенклатуры'!A:B,2,FALSE) | C4: 88 | D4: =SUMIF('Приходные ордера'!C:C, A4, 'Приходные ордера'!E:E) | E4: =SUMIF('Расходные ордера'!C:C, A4, 'Расходные ордера'!E:E) | F4: =C4+D4-E4 | G4: =VLOOKUP(A4,'Справочник номенклатуры'!A:G,7,FALSE) | H4: =IF(F4<G4,"Заказать","ОК")
A5: Т-004 | B5: =VLOOKUP(A5,'Справочник номенклатуры'!A:B,2,FALSE) | C5: 23 | D5: =SUMIF('Приходные ордера'!C:C, A5, 'Приходные ордера'!E:E) | E5: =SUMIF('Расходные ордера'!C:C, A5, 'Расходные ордера'!E:E) | F5: =C5+D5-E5 | G5: =VLOOKUP(A5,'Справочник номенклатуры'!A:G,7,FALSE) | H5: =IF(F5<G5,"Заказать","ОК")
A6: Т-005 | B6: =VLOOKUP(A6,'Справочник номенклатуры'!A:B,2,FALSE) | C6: 95 | D6: =SUMIF('Приходные ордера'!C:C, A6, 'Приходные ордера'!E:E) | E6: =SUMIF('Расходные ордера'!C:C, A6, 'Расходные ордера'!E:E) | F6: =C6+D6-E6 | G6: =VLOOKUP(A6,'Справочник номенклатуры'!A:G,7,FALSE) | H6: =IF(F6<G6,"Заказать","ОК")
